user_id;date;e_meter;g_meter;town;street;name
200125;01.01.2017;1719;163;Lviv;Street_5;Name_1
200126;01.01.2017;3048;179;Lviv;Street_9;Name_2
200127;01.01.2017;3402;180;Lviv;Street_10;Name_3
200128;01.01.2017;1256;140;Stryi;Street_5;Name_4
200129;01.01.2017;1873;165;Gorodok;Street_8;Name_5
200130;01.01.2017;4381;102;Lviv;Street_5;Name_6
200131;01.01.2017;2897;176;Lviv;Street_10;Name_7
200132;01.01.2017;4663;172;Lviv;Street_1;Name_8
200133;01.01.2017;4855;129;Stryi;Street_10;Name_9
200134;01.01.2017;2966;110;Lviv;Street_5;Name_10
200135;01.01.2017;1904;108;Lviv;Street_8;Name_11
200136;01.01.2017;3928;114;Lviv;Street_4;Name_12
200137;01.01.2017;4394;191;Mostyska;Street_1;Name_13
200138;01.01.2017;4161;172;Mostyska;Street_3;Name_14
200139;01.01.2017;2681;142;Mostyska;Street_10;Name_15
200140;01.01.2017;3097;176;Mostyska;Street_8;Name_16
200141;01.01.2017;3952;109;Lviv;Street_7;Name_17
200142;01.01.2017;1641;173;Stryi;Street_7;Name_18
200143;01.01.2017;3689;100;Gorodok;Street_6;Name_19
200144;01.01.2017;3733;195;Gorodok;Street_9;Name_20
200145;01.01.2017;4778;148;Gorodok;Street_6;Name_21
200146;01.01.2017;3561;134;Zhovkva;Street_7;Name_22
200147;01.01.2017;3619;177;Zhovkva;Street_5;Name_23
200148;01.01.2017;2315;129;Zhovkva;Street_1;Name_24
200149;01.01.2017;2467;109;Lviv;Street_9;Name_25
200150;01.01.2017;1174;200;Lviv;Street_6;Name_26
200151;01.01.2017;1247;121;Lviv;Street_6;Name_27
200152;01.01.2017;2376;176;Yavoriv;Street_1;Name_28
200153;01.01.2017;3453;142;Stryi;Street_5;Name_29
200154;01.01.2017;2187;106;Stryi;Street_7;Name_30
200155;01.01.2017;3308;133;Stryi;Street_9;Name_31
200156;01.01.2017;4679;112;Stryi;Street_3;Name_32
200157;01.01.2017;1443;175;Stryi;Street_4;Name_33
200158;01.01.2017;1503;113;Pustomyty;Street_10;Name_34
200159;01.01.2017;4170;131;Pustomyty;Street_2;Name_35
200160;01.01.2017;4883;183;Pustomyty;Street_3;Name_36
200161;01.01.2017;2308;176;Pustomyty;Street_1;Name_37
200162;01.01.2017;3632;127;Sokilnyky;Street_5;Name_38
200163;01.01.2017;1599;135;Sokilnyky;Street_5;Name_39
200164;01.01.2017;1749;199;Vynnyky;Street_4;Name_40
200165;01.01.2017;2732;200;Lviv;Street_1;Name_41
200166;01.01.2017;1716;144;Lviv;Street_5;Name_42
200167;01.01.2017;4379;119;Lviv;Street_9;Name_43
200168;01.01.2017;3465;146;Lviv;Street_2;Name_44
200169;01.01.2017;2612;188;Lviv;Street_1;Name_45
200170;01.01.2017;4486;122;Briuhovychi;Street_1;Name_46
200171;01.01.2017;1398;164;Briuhovychi;Street_9;Name_47
200172;01.01.2017;3558;140;Briuhovychi;Street_6;Name_48
200173;01.01.2017;1669;141;Briuhovychi;Street_1;Name_49
200174;01.01.2017;1841;199;Gorodok;Street_6;Name_50
200175;01.01.2017;3158;180;Zhovkva;Street_10;Name_51
200176;01.01.2017;1872;136;Gorodok;Street_1;Name_52
200177;01.01.2017;4021;140;Zhovkva;Street_9;Name_53
200178;01.01.2017;2659;181;Lviv;Street_8;Name_54
200179;01.01.2017;3348;164;Lviv;Street_9;Name_55
200180;01.01.2017;3034;137;Lviv;Street_3;Name_56
200181;01.01.2017;1733;149;Gorodok;Street_4;Name_57
200182;01.01.2017;3949;174;Gorodok;Street_8;Name_58
200183;01.01.2017;4889;101;Gorodok;Street_5;Name_59
200184;01.01.2017;3203;136;Gorodok;Street_2;Name_60
200185;01.01.2017;4967;131;Yavoriv;Street_3;Name_61
200186;01.01.2017;1913;191;Yavoriv;Street_7;Name_62
200187;01.01.2017;2716;190;Yavoriv;Street_5;Name_63
200188;01.01.2017;1854;158;Yavoriv;Street_10;Name_64
200189;01.01.2017;2066;142;Yavoriv;Street_1;Name_65
200190;01.01.2017;3479;122;Yavoriv;Street_6;Name_66
200191;01.01.2017;4997;132;Zhovkva;Street_2;Name_67
200192;01.01.2017;3965;135;Zhovkva;Street_3;Name_68
200193;01.01.2017;3402;176;Zhovkva;Street_4;Name_69
200194;01.01.2017;1744;151;Lviv;Street_5;Name_70
200195;01.01.2017;3848;167;Lviv;Street_6;Name_71
200196;01.01.2017;3425;126;Lviv;Street_6;Name_72
200197;01.01.2017;1942;109;Lviv;Street_10;Name_73
200198;01.01.2017;4730;115;Lviv;Street_10;Name_74
200199;01.01.2017;4898;183;Vynnyky;Street_4;Name_75
200200;01.01.2017;1025;174;Vynnyky;Street_6;Name_76
200125;01.02.2017;1855;173;Lviv;Street_5;Name_1
200126;01.02.2017;3208;195;Lviv;Street_9;Name_2
200127;01.02.2017;3571;194;Lviv;Street_10;Name_3
200128;01.02.2017;1487;160;Stryi;Street_5;Name_4
200129;01.02.2017;2101;177;Gorodok;Street_8;Name_5
200130;01.02.2017;4473;112;Lviv;Street_5;Name_6
200131;01.02.2017;3112;194;Lviv;Street_10;Name_7
200132;01.02.2017;4832;184;Lviv;Street_1;Name_8
200133;01.02.2017;5000;143;Stryi;Street_10;Name_9
200134;01.02.2017;3142;126;Lviv;Street_5;Name_10
200135;01.02.2017;2094;124;Lviv;Street_8;Name_11
200136;01.02.2017;4008;132;Lviv;Street_4;Name_12
200137;01.02.2017;4599;207;Mostyska;Street_1;Name_13
200138;01.02.2017;4340;188;Mostyska;Street_3;Name_14
200139;01.02.2017;2913;154;Mostyska;Street_10;Name_15
200140;01.02.2017;3315;192;Mostyska;Street_8;Name_16
200141;01.02.2017;4151;129;Lviv;Street_7;Name_17
200142;01.02.2017;1723;183;Stryi;Street_7;Name_18
200143;01.02.2017;3790;112;Gorodok;Street_6;Name_19
200144;01.02.2017;3971;205;Gorodok;Street_9;Name_20
200145;01.02.2017;5026;166;Gorodok;Street_6;Name_21
200146;01.02.2017;3749;144;Zhovkva;Street_7;Name_22
200147;01.02.2017;3848;189;Zhovkva;Street_5;Name_23
200148;01.02.2017;2501;143;Zhovkva;Street_1;Name_24
200149;01.02.2017;2637;125;Lviv;Street_9;Name_25
200150;01.02.2017;1410;218;Lviv;Street_6;Name_26
200151;01.02.2017;1448;131;Lviv;Street_6;Name_27
200152;01.02.2017;2582;196;Yavoriv;Street_1;Name_28
200153;01.02.2017;3607;154;Stryi;Street_5;Name_29
200154;01.02.2017;2246;124;Stryi;Street_7;Name_30
200155;01.02.2017;3503;147;Stryi;Street_9;Name_31
200156;01.02.2017;4815;126;Stryi;Street_3;Name_32
200157;01.02.2017;1542;191;Stryi;Street_4;Name_33
200158;01.02.2017;1707;129;Pustomyty;Street_10;Name_34
200159;01.02.2017;4373;141;Pustomyty;Street_2;Name_35
200160;01.02.2017;5010;201;Pustomyty;Street_3;Name_36
200161;01.02.2017;2379;194;Pustomyty;Street_1;Name_37
200162;01.02.2017;3747;137;Sokilnyky;Street_5;Name_38
200163;01.02.2017;1728;155;Sokilnyky;Street_5;Name_39
200164;01.02.2017;1869;217;Vynnyky;Street_4;Name_40
200165;01.02.2017;2895;220;Lviv;Street_1;Name_41
200166;01.02.2017;1933;164;Lviv;Street_5;Name_42
200167;01.02.2017;4493;129;Lviv;Street_9;Name_43
200168;01.02.2017;3676;160;Lviv;Street_2;Name_44
200169;01.02.2017;2815;200;Lviv;Street_1;Name_45
200170;01.02.2017;4656;140;Briuhovychi;Street_1;Name_46
200171;01.02.2017;1642;182;Briuhovychi;Street_9;Name_47
200172;01.02.2017;3740;152;Briuhovychi;Street_6;Name_48
200173;01.02.2017;1858;155;Briuhovychi;Street_1;Name_49
200174;01.02.2017;1989;215;Gorodok;Street_6;Name_50
200175;01.02.2017;3402;196;Zhovkva;Street_10;Name_51
200176;01.02.2017;1923;146;Gorodok;Street_1;Name_52
200177;01.02.2017;4238;156;Zhovkva;Street_9;Name_53
200178;01.02.2017;2760;199;Lviv;Street_8;Name_54
200179;01.02.2017;3430;176;Lviv;Street_9;Name_55
200180;01.02.2017;3123;147;Lviv;Street_3;Name_56
200181;01.02.2017;1789;159;Gorodok;Street_4;Name_57
200182;01.02.2017;4027;188;Gorodok;Street_8;Name_58
200183;01.02.2017;5001;111;Gorodok;Street_5;Name_59
200184;01.02.2017;3299;154;Gorodok;Street_2;Name_60
200185;01.02.2017;5213;149;Yavoriv;Street_3;Name_61
200186;01.02.2017;2053;205;Yavoriv;Street_7;Name_62
200187;01.02.2017;2822;206;Yavoriv;Street_5;Name_63
200188;01.02.2017;2022;172;Yavoriv;Street_10;Name_64
200189;01.02.2017;2225;152;Yavoriv;Street_1;Name_65
200190;01.02.2017;3604;136;Yavoriv;Street_6;Name_66
200191;01.02.2017;5135;148;Zhovkva;Street_2;Name_67
200192;01.02.2017;4179;147;Zhovkva;Street_3;Name_68
200193;01.02.2017;3609;188;Zhovkva;Street_4;Name_69
200194;01.02.2017;1794;169;Lviv;Street_5;Name_70
200195;01.02.2017;3964;187;Lviv;Street_6;Name_71
200196;01.02.2017;3556;142;Lviv;Street_6;Name_72
200197;01.02.2017;2011;125;Lviv;Street_10;Name_73
200198;01.02.2017;4820;125;Lviv;Street_10;Name_74
200199;01.02.2017;5143;193;Vynnyky;Street_4;Name_75
200200;01.02.2017;1225;186;Vynnyky;Street_6;Name_76
200125;01.03.2017;1978;189;Lviv;Street_5;Name_1
200126;01.03.2017;3332;215;Lviv;Street_9;Name_2
200127;01.03.2017;3735;210;Lviv;Street_10;Name_3
200128;01.03.2017;1615;170;Stryi;Street_5;Name_4
200129;01.03.2017;2223;187;Gorodok;Street_8;Name_5
200130;01.03.2017;4644;124;Lviv;Street_5;Name_6
200131;01.03.2017;3353;214;Lviv;Street_10;Name_7
200132;01.03.2017;4953;204;Lviv;Street_1;Name_8
200133;01.03.2017;5221;153;Stryi;Street_10;Name_9
200134;01.03.2017;3214;140;Lviv;Street_5;Name_10
200135;01.03.2017;2252;134;Lviv;Street_8;Name_11
200136;01.03.2017;4168;146;Lviv;Street_4;Name_12
200137;01.03.2017;4781;223;Mostyska;Street_1;Name_13
200138;01.03.2017;4409;200;Mostyska;Street_3;Name_14
200139;01.03.2017;3025;168;Mostyska;Street_10;Name_15
200140;01.03.2017;3399;206;Mostyska;Street_8;Name_16
200141;01.03.2017;4219;139;Lviv;Street_7;Name_17
200142;01.03.2017;1878;197;Stryi;Street_7;Name_18
200143;01.03.2017;3898;132;Gorodok;Street_6;Name_19
200144;01.03.2017;4141;217;Gorodok;Street_9;Name_20
200145;01.03.2017;5178;184;Gorodok;Street_6;Name_21
200146;01.03.2017;3859;158;Zhovkva;Street_7;Name_22
200147;01.03.2017;3966;205;Zhovkva;Street_5;Name_23
200148;01.03.2017;2701;163;Zhovkva;Street_1;Name_24
200149;01.03.2017;2835;135;Lviv;Street_9;Name_25
200150;01.03.2017;1497;236;Lviv;Street_6;Name_26
200151;01.03.2017;1525;151;Lviv;Street_6;Name_27
200152;01.03.2017;2781;206;Yavoriv;Street_1;Name_28
200153;01.03.2017;3689;164;Stryi;Street_5;Name_29
200154;01.03.2017;2385;134;Stryi;Street_7;Name_30
200155;01.03.2017;3622;159;Stryi;Street_9;Name_31
200156;01.03.2017;4957;144;Stryi;Street_3;Name_32
200157;01.03.2017;1727;209;Stryi;Street_4;Name_33
200158;01.03.2017;1790;139;Pustomyty;Street_10;Name_34
200159;01.03.2017;4498;151;Pustomyty;Street_2;Name_35
200160;01.03.2017;5224;221;Pustomyty;Street_3;Name_36
200161;01.03.2017;2616;204;Pustomyty;Street_1;Name_37
200162;01.03.2017;3817;157;Sokilnyky;Street_5;Name_38
200163;01.03.2017;1873;171;Sokilnyky;Street_5;Name_39
200164;01.03.2017;2006;235;Vynnyky;Street_4;Name_40
200165;01.03.2017;3145;236;Lviv;Street_1;Name_41
200166;01.03.2017;2131;176;Lviv;Street_5;Name_42
200167;01.03.2017;4666;139;Lviv;Street_9;Name_43
200168;01.03.2017;3741;178;Lviv;Street_2;Name_44
200169;01.03.2017;3003;214;Lviv;Street_1;Name_45
200170;01.03.2017;4707;158;Briuhovychi;Street_1;Name_46
200171;01.03.2017;1712;202;Briuhovychi;Street_9;Name_47
200172;01.03.2017;3859;170;Briuhovychi;Street_6;Name_48
200173;01.03.2017;2025;167;Briuhovychi;Street_1;Name_49
200174;01.03.2017;2121;233;Gorodok;Street_6;Name_50
200175;01.03.2017;3473;208;Zhovkva;Street_10;Name_51
200176;01.03.2017;2073;162;Gorodok;Street_1;Name_52
200177;01.03.2017;4314;172;Zhovkva;Street_9;Name_53
200178;01.03.2017;2902;215;Lviv;Street_8;Name_54
200179;01.03.2017;3542;186;Lviv;Street_9;Name_55
200180;01.03.2017;3296;161;Lviv;Street_3;Name_56
200181;01.03.2017;1960;169;Gorodok;Street_4;Name_57
200182;01.03.2017;4212;200;Gorodok;Street_8;Name_58
200183;01.03.2017;5167;125;Gorodok;Street_5;Name_59
200184;01.03.2017;3396;164;Gorodok;Street_2;Name_60
200185;01.03.2017;5297;163;Yavoriv;Street_3;Name_61
200186;01.03.2017;2129;225;Yavoriv;Street_7;Name_62
200187;01.03.2017;2940;216;Yavoriv;Street_5;Name_63
200188;01.03.2017;2184;190;Yavoriv;Street_10;Name_64
200189;01.03.2017;2389;162;Yavoriv;Street_1;Name_65
200190;01.03.2017;3698;148;Yavoriv;Street_6;Name_66
200191;01.03.2017;5331;164;Zhovkva;Street_2;Name_67
200192;01.03.2017;4405;159;Zhovkva;Street_3;Name_68
200193;01.03.2017;3799;204;Zhovkva;Street_4;Name_69
200194;01.03.2017;1977;189;Lviv;Street_5;Name_70
200195;01.03.2017;4122;199;Lviv;Street_6;Name_71
200196;01.03.2017;3681;156;Lviv;Street_6;Name_72
200197;01.03.2017;2077;135;Lviv;Street_10;Name_73
200198;01.03.2017;4949;143;Lviv;Street_10;Name_74
200199;01.03.2017;5367;213;Vynnyky;Street_4;Name_75
200200;01.03.2017;1304;198;Vynnyky;Street_6;Name_76
200125;01.04.2017;2185;198;Lviv;Street_5;Name_1
200126;01.04.2017;3434;223;Lviv;Street_9;Name_2
200127;01.04.2017;3918;220;Lviv;Street_10;Name_3
200128;01.04.2017;1769;177;Stryi;Street_5;Name_4
200129;01.04.2017;2375;196;Gorodok;Street_8;Name_5
200130;01.04.2017;4845;133;Lviv;Street_5;Name_6
200131;01.04.2017;3584;219;Lviv;Street_10;Name_7
200132;01.04.2017;5189;210;Lviv;Street_1;Name_8
200133;01.04.2017;5374;163;Stryi;Street_10;Name_9
200134;01.04.2017;3381;148;Lviv;Street_5;Name_10
200135;01.04.2017;2364;141;Lviv;Street_8;Name_11
200136;01.04.2017;4229;154;Lviv;Street_4;Name_12
200137;01.04.2017;4917;228;Mostyska;Street_1;Name_13
200138;01.04.2017;4568;207;Mostyska;Street_3;Name_14
200139;01.04.2017;3212;173;Mostyska;Street_10;Name_15
200140;01.04.2017;3531;216;Mostyska;Street_8;Name_16
200141;01.04.2017;4307;144;Lviv;Street_7;Name_17
200142;01.04.2017;2053;206;Stryi;Street_7;Name_18
200143;01.04.2017;3973;137;Gorodok;Street_6;Name_19
200144;01.04.2017;4225;227;Gorodok;Street_9;Name_20
200145;01.04.2017;5350;192;Gorodok;Street_6;Name_21
200146;01.04.2017;4095;167;Zhovkva;Street_7;Name_22
200147;01.04.2017;4082;215;Zhovkva;Street_5;Name_23
200148;01.04.2017;2835;169;Zhovkva;Street_1;Name_24
200149;01.04.2017;2970;143;Lviv;Street_9;Name_25
200150;01.04.2017;1728;242;Lviv;Street_6;Name_26
200151;01.04.2017;1767;161;Lviv;Street_6;Name_27
200152;01.04.2017;2915;213;Yavoriv;Street_1;Name_28
200153;01.04.2017;3756;172;Stryi;Street_5;Name_29
200154;01.04.2017;2608;143;Stryi;Street_7;Name_30
200155;01.04.2017;3819;164;Stryi;Street_9;Name_31
200156;01.04.2017;5037;153;Stryi;Street_3;Name_32
200157;01.04.2017;1802;219;Stryi;Street_4;Name_33
200158;01.04.2017;1873;148;Pustomyty;Street_10;Name_34
200159;01.04.2017;4719;157;Pustomyty;Street_2;Name_35
200160;01.04.2017;5472;231;Pustomyty;Street_3;Name_36
200161;01.04.2017;2728;210;Pustomyty;Street_1;Name_37
200162;01.04.2017;3953;167;Sokilnyky;Street_5;Name_38
200163;01.04.2017;2042;176;Sokilnyky;Street_5;Name_39
200164;01.04.2017;2138;244;Vynnyky;Street_4;Name_40
200165;01.04.2017;3294;245;Lviv;Street_1;Name_41
200166;01.04.2017;2338;182;Lviv;Street_5;Name_42
200167;01.04.2017;4908;147;Lviv;Street_9;Name_43
200168;01.04.2017;3989;188;Lviv;Street_2;Name_44
200169;01.04.2017;3176;224;Lviv;Street_1;Name_45
200170;01.04.2017;4838;164;Briuhovychi;Street_1;Name_46
200171;01.04.2017;1927;210;Briuhovychi;Street_9;Name_47
200172;01.04.2017;4038;179;Briuhovychi;Street_6;Name_48
200173;01.04.2017;2107;175;Briuhovychi;Street_1;Name_49
200174;01.04.2017;2298;243;Gorodok;Street_6;Name_50
200175;01.04.2017;3546;213;Zhovkva;Street_10;Name_51
200176;01.04.2017;2197;172;Gorodok;Street_1;Name_52
200177;01.04.2017;4444;182;Zhovkva;Street_9;Name_53
200178;01.04.2017;3067;220;Lviv;Street_8;Name_54
200179;01.04.2017;3657;191;Lviv;Street_9;Name_55
200180;01.04.2017;3414;166;Lviv;Street_3;Name_56
200181;01.04.2017;2072;175;Gorodok;Street_4;Name_57
200182;01.04.2017;4375;205;Gorodok;Street_8;Name_58
200183;01.04.2017;5311;130;Gorodok;Street_5;Name_59
200184;01.04.2017;3602;174;Gorodok;Street_2;Name_60
200185;01.04.2017;5396;172;Yavoriv;Street_3;Name_61
200186;01.04.2017;2188;231;Yavoriv;Street_7;Name_62
200187;01.04.2017;3089;226;Yavoriv;Street_5;Name_63
200188;01.04.2017;2392;198;Yavoriv;Street_10;Name_64
200189;01.04.2017;2470;168;Yavoriv;Street_1;Name_65
200190;01.04.2017;3816;156;Yavoriv;Street_6;Name_66
200191;01.04.2017;5404;171;Zhovkva;Street_2;Name_67
200192;01.04.2017;4550;166;Zhovkva;Street_3;Name_68
200193;01.04.2017;3950;209;Zhovkva;Street_4;Name_69
200194;01.04.2017;2091;198;Lviv;Street_5;Name_70
200195;01.04.2017;4366;208;Lviv;Street_6;Name_71
200196;01.04.2017;3874;163;Lviv;Street_6;Name_72
200197;01.04.2017;2129;140;Lviv;Street_10;Name_73
200198;01.04.2017;5067;152;Lviv;Street_10;Name_74
200199;01.04.2017;5427;221;Vynnyky;Street_4;Name_75
200200;01.04.2017;1491;203;Vynnyky;Street_6;Name_76
200125;01.05.2017;2326;206;Lviv;Street_5;Name_1
200126;01.05.2017;3592;233;Lviv;Street_9;Name_2
200127;01.05.2017;4130;230;Lviv;Street_10;Name_3
200128;01.05.2017;1860;185;Stryi;Street_5;Name_4
200129;01.05.2017;2531;201;Gorodok;Street_8;Name_5
200130;01.05.2017;4960;141;Lviv;Street_5;Name_6
200131;01.05.2017;3669;227;Lviv;Street_10;Name_7
200132;01.05.2017;5439;220;Lviv;Street_1;Name_8
200133;01.05.2017;5544;172;Stryi;Street_10;Name_9
200134;01.05.2017;3440;155;Lviv;Street_5;Name_10
200135;01.05.2017;2543;151;Lviv;Street_8;Name_11
200136;01.05.2017;4414;162;Lviv;Street_4;Name_12
200137;01.05.2017;5077;237;Mostyska;Street_1;Name_13
200138;01.05.2017;4643;214;Mostyska;Street_3;Name_14
200139;01.05.2017;3438;182;Mostyska;Street_10;Name_15
200140;01.05.2017;3715;223;Mostyska;Street_8;Name_16
200141;01.05.2017;4440;151;Lviv;Street_7;Name_17
200142;01.05.2017;2276;215;Stryi;Street_7;Name_18
200143;01.05.2017;4163;144;Gorodok;Street_6;Name_19
200144;01.05.2017;4357;232;Gorodok;Street_9;Name_20
200145;01.05.2017;5415;199;Gorodok;Street_6;Name_21
200146;01.05.2017;4269;173;Zhovkva;Street_7;Name_22
200147;01.05.2017;4250;225;Zhovkva;Street_5;Name_23
200148;01.05.2017;2953;179;Zhovkva;Street_1;Name_24
200149;01.05.2017;3148;153;Lviv;Street_9;Name_25
200150;01.05.2017;1950;250;Lviv;Street_6;Name_26
200151;01.05.2017;1841;170;Lviv;Street_6;Name_27
200152;01.05.2017;2997;218;Yavoriv;Street_1;Name_28
200153;01.05.2017;3965;179;Stryi;Street_5;Name_29
200154;01.05.2017;2839;153;Stryi;Street_7;Name_30
200155;01.05.2017;3931;170;Stryi;Street_9;Name_31
200156;01.05.2017;5284;158;Stryi;Street_3;Name_32
200157;01.05.2017;1972;228;Stryi;Street_4;Name_33
200158;01.05.2017;2016;155;Pustomyty;Street_10;Name_34
200159;01.05.2017;4952;163;Pustomyty;Street_2;Name_35
200160;01.05.2017;5656;239;Pustomyty;Street_3;Name_36
200161;01.05.2017;2968;220;Pustomyty;Street_1;Name_37
200162;01.05.2017;4133;175;Sokilnyky;Street_5;Name_38
200163;01.05.2017;2217;185;Sokilnyky;Street_5;Name_39
200164;01.05.2017;2303;253;Vynnyky;Street_4;Name_40
200165;01.05.2017;3423;251;Lviv;Street_1;Name_41
200166;01.05.2017;2453;188;Lviv;Street_5;Name_42
200167;01.05.2017;4968;155;Lviv;Street_9;Name_43
200168;01.05.2017;4196;195;Lviv;Street_2;Name_44
200169;01.05.2017;3405;233;Lviv;Street_1;Name_45
200170;01.05.2017;5083;170;Briuhovychi;Street_1;Name_46
200171;01.05.2017;2050;218;Briuhovychi;Street_9;Name_47
200172;01.05.2017;4142;188;Briuhovychi;Street_6;Name_48
200173;01.05.2017;2290;183;Briuhovychi;Street_1;Name_49
200174;01.05.2017;2390;253;Gorodok;Street_6;Name_50
200175;01.05.2017;3602;219;Zhovkva;Street_10;Name_51
200176;01.05.2017;2434;179;Gorodok;Street_1;Name_52
200177;01.05.2017;4604;191;Zhovkva;Street_9;Name_53
200178;01.05.2017;3235;230;Lviv;Street_8;Name_54
200179;01.05.2017;3842;197;Lviv;Street_9;Name_55
200180;01.05.2017;3605;171;Lviv;Street_3;Name_56
200181;01.05.2017;2156;185;Gorodok;Street_4;Name_57
200182;01.05.2017;4483;215;Gorodok;Street_8;Name_58
200183;01.05.2017;5373;135;Gorodok;Street_5;Name_59
200184;01.05.2017;3706;182;Gorodok;Street_2;Name_60
200185;01.05.2017;5541;180;Yavoriv;Street_3;Name_61
200186;01.05.2017;2317;241;Yavoriv;Street_7;Name_62
200187;01.05.2017;3302;233;Yavoriv;Street_5;Name_63
200188;01.05.2017;2505;206;Yavoriv;Street_10;Name_64
200189;01.05.2017;2705;173;Yavoriv;Street_1;Name_65
200190;01.05.2017;3994;164;Yavoriv;Street_6;Name_66
200191;01.05.2017;5527;179;Zhovkva;Street_2;Name_67
200192;01.05.2017;4788;176;Zhovkva;Street_3;Name_68
200193;01.05.2017;4014;217;Zhovkva;Street_4;Name_69
200194;01.05.2017;2314;206;Lviv;Street_5;Name_70
200195;01.05.2017;4558;213;Lviv;Street_6;Name_71
200196;01.05.2017;3938;173;Lviv;Street_6;Name_72
200197;01.05.2017;2275;148;Lviv;Street_10;Name_73
200198;01.05.2017;5189;160;Lviv;Street_10;Name_74
200199;01.05.2017;5645;226;Vynnyky;Street_4;Name_75
200200;01.05.2017;1621;209;Vynnyky;Street_6;Name_76
200125;01.06.2017;2510;213;Lviv;Street_5;Name_1
200126;01.06.2017;3818;242;Lviv;Street_9;Name_2
200127;01.06.2017;4210;235;Lviv;Street_10;Name_3
200128;01.06.2017;1921;193;Stryi;Street_5;Name_4
200129;01.06.2017;2610;208;Gorodok;Street_8;Name_5
200130;01.06.2017;5176;147;Lviv;Street_5;Name_6
200131;01.06.2017;3907;235;Lviv;Street_10;Name_7
200132;01.06.2017;5617;226;Lviv;Street_1;Name_8
200133;01.06.2017;5630;180;Stryi;Street_10;Name_9
200134;01.06.2017;3625;160;Lviv;Street_5;Name_10
200135;01.06.2017;2684;161;Lviv;Street_8;Name_11
200136;01.06.2017;4584;171;Lviv;Street_4;Name_12
200137;01.06.2017;5312;244;Mostyska;Street_1;Name_13
200138;01.06.2017;4818;223;Mostyska;Street_3;Name_14
200139;01.06.2017;3505;187;Mostyska;Street_10;Name_15
200140;01.06.2017;3885;232;Mostyska;Street_8;Name_16
200141;01.06.2017;4569;158;Lviv;Street_7;Name_17
200142;01.06.2017;2425;224;Stryi;Street_7;Name_18
200143;01.06.2017;4321;154;Gorodok;Street_6;Name_19
200144;01.06.2017;4533;237;Gorodok;Street_9;Name_20
200145;01.06.2017;5521;205;Gorodok;Street_6;Name_21
200146;01.06.2017;4352;179;Zhovkva;Street_7;Name_22
200147;01.06.2017;4375;234;Zhovkva;Street_5;Name_23
200148;01.06.2017;3081;187;Zhovkva;Street_1;Name_24
200149;01.06.2017;3203;159;Lviv;Street_9;Name_25
200150;01.06.2017;2138;255;Lviv;Street_6;Name_26
200151;01.06.2017;2078;180;Lviv;Street_6;Name_27
200152;01.06.2017;3073;226;Yavoriv;Street_1;Name_28
200153;01.06.2017;4166;189;Stryi;Street_5;Name_29
200154;01.06.2017;2960;162;Stryi;Street_7;Name_30
200155;01.06.2017;4086;175;Stryi;Street_9;Name_31
200156;01.06.2017;5493;167;Stryi;Street_3;Name_32
200157;01.06.2017;2071;236;Stryi;Street_4;Name_33
200158;01.06.2017;2210;165;Pustomyty;Street_10;Name_34
200159;01.06.2017;5013;169;Pustomyty;Street_2;Name_35
200160;01.06.2017;5822;247;Pustomyty;Street_3;Name_36
200161;01.06.2017;3086;226;Pustomyty;Street_1;Name_37
200162;01.06.2017;4249;184;Sokilnyky;Street_5;Name_38
200163;01.06.2017;2312;193;Sokilnyky;Street_5;Name_39
200164;01.06.2017;2411;258;Vynnyky;Street_4;Name_40
200165;01.06.2017;3627;261;Lviv;Street_1;Name_41
200166;01.06.2017;2622;195;Lviv;Street_5;Name_42
200167;01.06.2017;5200;164;Lviv;Street_9;Name_43
200168;01.06.2017;4409;203;Lviv;Street_2;Name_44
200169;01.06.2017;3537;240;Lviv;Street_1;Name_45
200170;01.06.2017;5316;175;Briuhovychi;Street_1;Name_46
200171;01.06.2017;2272;226;Briuhovychi;Street_9;Name_47
200172;01.06.2017;4340;196;Briuhovychi;Street_6;Name_48
200173;01.06.2017;2427;189;Briuhovychi;Street_1;Name_49
200174;01.06.2017;2546;259;Gorodok;Street_6;Name_50
200175;01.06.2017;3682;227;Zhovkva;Street_10;Name_51
200176;01.06.2017;2560;187;Gorodok;Street_1;Name_52
200177;01.06.2017;4813;197;Zhovkva;Street_9;Name_53
200178;01.06.2017;3461;236;Lviv;Street_8;Name_54
200179;01.06.2017;4071;204;Lviv;Street_9;Name_55
200180;01.06.2017;3678;176;Lviv;Street_3;Name_56
200181;01.06.2017;2297;190;Gorodok;Street_4;Name_57
200182;01.06.2017;4724;225;Gorodok;Street_8;Name_58
200183;01.06.2017;5583;142;Gorodok;Street_5;Name_59
200184;01.06.2017;3813;188;Gorodok;Street_2;Name_60
200185;01.06.2017;5785;190;Yavoriv;Street_3;Name_61
200186;01.06.2017;2495;248;Yavoriv;Street_7;Name_62
200187;01.06.2017;3420;242;Yavoriv;Street_5;Name_63
200188;01.06.2017;2654;211;Yavoriv;Street_10;Name_64
200189;01.06.2017;2852;180;Yavoriv;Street_1;Name_65
200190;01.06.2017;4069;173;Yavoriv;Street_6;Name_66
200191;01.06.2017;5754;184;Zhovkva;Street_2;Name_67
200192;01.06.2017;4937;182;Zhovkva;Street_3;Name_68
200193;01.06.2017;4113;226;Zhovkva;Street_4;Name_69
200194;01.06.2017;2430;216;Lviv;Street_5;Name_70
200195;01.06.2017;4684;222;Lviv;Street_6;Name_71
200196;01.06.2017;4109;183;Lviv;Street_6;Name_72
200197;01.06.2017;2422;158;Lviv;Street_10;Name_73
200198;01.06.2017;5383;166;Lviv;Street_10;Name_74
200199;01.06.2017;5824;234;Vynnyky;Street_4;Name_75
200200;01.06.2017;1849;215;Vynnyky;Street_6;Name_76
200125;01.07.2017;2643;219;Lviv;Street_5;Name_1
200126;01.07.2017;4058;252;Lviv;Street_9;Name_2
200127;01.07.2017;4324;241;Lviv;Street_10;Name_3
200128;01.07.2017;1971;203;Stryi;Street_5;Name_4
200129;01.07.2017;2769;217;Gorodok;Street_8;Name_5
200130;01.07.2017;5310;157;Lviv;Street_5;Name_6
200131;01.07.2017;4011;245;Lviv;Street_10;Name_7
200132;01.07.2017;5828;231;Lviv;Street_1;Name_8
200133;01.07.2017;5818;190;Stryi;Street_10;Name_9
200134;01.07.2017;3795;165;Lviv;Street_5;Name_10
200135;01.07.2017;2805;166;Lviv;Street_8;Name_11
200136;01.07.2017;4649;181;Lviv;Street_4;Name_12
200137;01.07.2017;5458;252;Mostyska;Street_1;Name_13
200138;01.07.2017;4966;231;Mostyska;Street_3;Name_14
200139;01.07.2017;3725;195;Mostyska;Street_10;Name_15
200140;01.07.2017;4102;239;Mostyska;Street_8;Name_16
200141;01.07.2017;4711;163;Lviv;Street_7;Name_17
200142;01.07.2017;2488;229;Stryi;Street_7;Name_18
200143;01.07.2017;4408;159;Gorodok;Street_6;Name_19
200144;01.07.2017;4783;246;Gorodok;Street_9;Name_20
200145;01.07.2017;5704;214;Gorodok;Street_6;Name_21
200146;01.07.2017;4517;189;Zhovkva;Street_7;Name_22
200147;01.07.2017;4488;244;Zhovkva;Street_5;Name_23
200148;01.07.2017;3154;195;Zhovkva;Street_1;Name_24
200149;01.07.2017;3409;166;Lviv;Street_9;Name_25
200150;01.07.2017;2329;262;Lviv;Street_6;Name_26
200151;01.07.2017;2155;187;Lviv;Street_6;Name_27
200152;01.07.2017;3139;232;Yavoriv;Street_1;Name_28
200153;01.07.2017;4316;198;Stryi;Street_5;Name_29
200154;01.07.2017;3112;171;Stryi;Street_7;Name_30
200155;01.07.2017;4240;182;Stryi;Street_9;Name_31
200156;01.07.2017;5644;176;Stryi;Street_3;Name_32
200157;01.07.2017;2318;245;Stryi;Street_4;Name_33
200158;01.07.2017;2322;174;Pustomyty;Street_10;Name_34
200159;01.07.2017;5143;174;Pustomyty;Street_2;Name_35
200160;01.07.2017;5952;252;Pustomyty;Street_3;Name_36
200161;01.07.2017;3247;235;Pustomyty;Street_1;Name_37
200162;01.07.2017;4421;192;Sokilnyky;Street_5;Name_38
200163;01.07.2017;2458;200;Sokilnyky;Street_5;Name_39
200164;01.07.2017;2567;266;Vynnyky;Street_4;Name_40
200165;01.07.2017;3680;268;Lviv;Street_1;Name_41
200166;01.07.2017;2860;200;Lviv;Street_5;Name_42
200167;01.07.2017;5337;174;Lviv;Street_9;Name_43
200168;01.07.2017;4633;209;Lviv;Street_2;Name_44
200169;01.07.2017;3683;247;Lviv;Street_1;Name_45
200170;01.07.2017;5504;182;Briuhovychi;Street_1;Name_46
200171;01.07.2017;2335;234;Briuhovychi;Street_9;Name_47
200172;01.07.2017;4397;203;Briuhovychi;Street_6;Name_48
200173;01.07.2017;2563;195;Briuhovychi;Street_1;Name_49
200174;01.07.2017;2789;269;Gorodok;Street_6;Name_50
200175;01.07.2017;3840;235;Zhovkva;Street_10;Name_51
200176;01.07.2017;2666;192;Gorodok;Street_1;Name_52
200177;01.07.2017;4879;205;Zhovkva;Street_9;Name_53
200178;01.07.2017;3533;244;Lviv;Street_8;Name_54
200179;01.07.2017;4190;213;Lviv;Street_9;Name_55
200180;01.07.2017;3827;183;Lviv;Street_3;Name_56
200181;01.07.2017;2514;198;Gorodok;Street_4;Name_57
200182;01.07.2017;4819;230;Gorodok;Street_8;Name_58
200183;01.07.2017;5812;150;Gorodok;Street_5;Name_59
200184;01.07.2017;3998;198;Gorodok;Street_2;Name_60
200185;01.07.2017;5898;200;Yavoriv;Street_3;Name_61
200186;01.07.2017;2681;255;Yavoriv;Street_7;Name_62
200187;01.07.2017;3670;249;Yavoriv;Street_5;Name_63
200188;01.07.2017;2770;217;Yavoriv;Street_10;Name_64
200189;01.07.2017;3053;188;Yavoriv;Street_1;Name_65
200190;01.07.2017;4135;183;Yavoriv;Street_6;Name_66
200191;01.07.2017;5953;189;Zhovkva;Street_2;Name_67
200192;01.07.2017;5075;190;Zhovkva;Street_3;Name_68
200193;01.07.2017;4330;233;Zhovkva;Street_4;Name_69
200194;01.07.2017;2551;226;Lviv;Street_5;Name_70
200195;01.07.2017;4742;228;Lviv;Street_6;Name_71
200196;01.07.2017;4164;188;Lviv;Street_6;Name_72
200197;01.07.2017;2527;165;Lviv;Street_10;Name_73
200198;01.07.2017;5588;171;Lviv;Street_10;Name_74
200199;01.07.2017;5913;241;Vynnyky;Street_4;Name_75
200200;01.07.2017;2090;224;Vynnyky;Street_6;Name_76
200125;01.08.2017;2810;228;Lviv;Street_5;Name_1
200126;01.08.2017;4300;258;Lviv;Street_9;Name_2
200127;01.08.2017;4458;250;Lviv;Street_10;Name_3
200128;01.08.2017;2031;209;Stryi;Street_5;Name_4
200129;01.08.2017;2922;222;Gorodok;Street_8;Name_5
200130;01.08.2017;5365;164;Lviv;Street_5;Name_6
200131;01.08.2017;4086;251;Lviv;Street_10;Name_7
200132;01.08.2017;5907;239;Lviv;Street_1;Name_8
200133;01.08.2017;6067;195;Stryi;Street_10;Name_9
200134;01.08.2017;3845;172;Lviv;Street_5;Name_10
200135;01.08.2017;2960;172;Lviv;Street_8;Name_11
200136;01.08.2017;4789;189;Lviv;Street_4;Name_12
200137;01.08.2017;5602;258;Mostyska;Street_1;Name_13
200138;01.08.2017;5076;239;Mostyska;Street_3;Name_14
200139;01.08.2017;3972;204;Mostyska;Street_10;Name_15
200140;01.08.2017;4225;249;Mostyska;Street_8;Name_16
200141;01.08.2017;4914;171;Lviv;Street_7;Name_17
200142;01.08.2017;2597;235;Stryi;Street_7;Name_18
200143;01.08.2017;4487;166;Gorodok;Street_6;Name_19
200144;01.08.2017;4884;253;Gorodok;Street_9;Name_20
200145;01.08.2017;5944;223;Gorodok;Street_6;Name_21
200146;01.08.2017;4643;196;Zhovkva;Street_7;Name_22
200147;01.08.2017;4656;252;Zhovkva;Street_5;Name_23
200148;01.08.2017;3264;202;Zhovkva;Street_1;Name_24
200149;01.08.2017;3478;171;Lviv;Street_9;Name_25
200150;01.08.2017;2533;272;Lviv;Street_6;Name_26
200151;01.08.2017;2380;197;Lviv;Street_6;Name_27
200152;01.08.2017;3200;242;Yavoriv;Street_1;Name_28
200153;01.08.2017;4449;208;Stryi;Street_5;Name_29
200154;01.08.2017;3346;177;Stryi;Street_7;Name_30
200155;01.08.2017;4313;187;Stryi;Street_9;Name_31
200156;01.08.2017;5880;186;Stryi;Street_3;Name_32
200157;01.08.2017;2565;250;Stryi;Street_4;Name_33
200158;01.08.2017;2458;182;Pustomyty;Street_10;Name_34
200159;01.08.2017;5225;180;Pustomyty;Street_2;Name_35
200160;01.08.2017;6111;259;Pustomyty;Street_3;Name_36
200161;01.08.2017;3300;241;Pustomyty;Street_1;Name_37
200162;01.08.2017;4556;202;Sokilnyky;Street_5;Name_38
200163;01.08.2017;2690;209;Sokilnyky;Street_5;Name_39
200164;01.08.2017;2674;273;Vynnyky;Street_4;Name_40
200165;01.08.2017;3848;274;Lviv;Street_1;Name_41
200166;01.08.2017;3007;210;Lviv;Street_5;Name_42
200167;01.08.2017;5415;183;Lviv;Street_9;Name_43
200168;01.08.2017;4709;219;Lviv;Street_2;Name_44
200169;01.08.2017;3861;252;Lviv;Street_1;Name_45
200170;01.08.2017;5647;190;Briuhovychi;Street_1;Name_46
200171;01.08.2017;2532;242;Briuhovychi;Street_9;Name_47
200172;01.08.2017;4545;210;Briuhovychi;Street_6;Name_48
200173;01.08.2017;2659;201;Briuhovychi;Street_1;Name_49
200174;01.08.2017;2925;278;Gorodok;Street_6;Name_50
200175;01.08.2017;4053;242;Zhovkva;Street_10;Name_51
200176;01.08.2017;2746;200;Gorodok;Street_1;Name_52
200177;01.08.2017;5059;215;Zhovkva;Street_9;Name_53
200178;01.08.2017;3587;253;Lviv;Street_8;Name_54
200179;01.08.2017;4280;222;Lviv;Street_9;Name_55
200180;01.08.2017;3940;192;Lviv;Street_3;Name_56
200181;01.08.2017;2647;204;Gorodok;Street_4;Name_57
200182;01.08.2017;4900;236;Gorodok;Street_8;Name_58
200183;01.08.2017;5996;156;Gorodok;Street_5;Name_59
200184;01.08.2017;4198;203;Gorodok;Street_2;Name_60
200185;01.08.2017;5970;205;Yavoriv;Street_3;Name_61
200186;01.08.2017;2768;263;Yavoriv;Street_7;Name_62
200187;01.08.2017;3839;259;Yavoriv;Street_5;Name_63
200188;01.08.2017;2831;223;Yavoriv;Street_10;Name_64
200189;01.08.2017;3265;194;Yavoriv;Street_1;Name_65
200190;01.08.2017;4307;189;Yavoriv;Street_6;Name_66
200191;01.08.2017;6025;196;Zhovkva;Street_2;Name_67
200192;01.08.2017;5131;196;Zhovkva;Street_3;Name_68
200193;01.08.2017;4413;240;Zhovkva;Street_4;Name_69
200194;01.08.2017;2730;233;Lviv;Street_5;Name_70
200195;01.08.2017;4814;237;Lviv;Street_6;Name_71
200196;01.08.2017;4269;198;Lviv;Street_6;Name_72
200197;01.08.2017;2650;170;Lviv;Street_10;Name_73
200198;01.08.2017;5651;181;Lviv;Street_10;Name_74
200199;01.08.2017;6033;247;Vynnyky;Street_4;Name_75
200200;01.08.2017;2172;231;Vynnyky;Street_6;Name_76
200125;01.09.2017;3037;238;Lviv;Street_5;Name_1
200126;01.09.2017;4497;268;Lviv;Street_9;Name_2
200127;01.09.2017;4521;260;Lviv;Street_10;Name_3
200128;01.09.2017;2130;216;Stryi;Street_5;Name_4
200129;01.09.2017;3054;231;Gorodok;Street_8;Name_5
200130;01.09.2017;5455;170;Lviv;Street_5;Name_6
200131;01.09.2017;4247;259;Lviv;Street_10;Name_7
200132;01.09.2017;6035;246;Lviv;Street_1;Name_8
200133;01.09.2017;6124;201;Stryi;Street_10;Name_9
200134;01.09.2017;3982;181;Lviv;Street_5;Name_10
200135;01.09.2017;3172;180;Lviv;Street_8;Name_11
200136;01.09.2017;4898;198;Lviv;Street_4;Name_12
200137;01.09.2017;5852;265;Mostyska;Street_1;Name_13
200138;01.09.2017;5279;244;Mostyska;Street_3;Name_14
200139;01.09.2017;4073;210;Mostyska;Street_10;Name_15
200140;01.09.2017;4314;256;Mostyska;Street_8;Name_16
200141;01.09.2017;5122;180;Lviv;Street_7;Name_17
200142;01.09.2017;2650;241;Stryi;Street_7;Name_18
200143;01.09.2017;4660;173;Gorodok;Street_6;Name_19
200144;01.09.2017;5096;259;Gorodok;Street_9;Name_20
200145;01.09.2017;6141;231;Gorodok;Street_6;Name_21
200146;01.09.2017;4742;204;Zhovkva;Street_7;Name_22
200147;01.09.2017;4824;258;Zhovkva;Street_5;Name_23
200148;01.09.2017;3438;207;Zhovkva;Street_1;Name_24
200149;01.09.2017;3671;179;Lviv;Street_9;Name_25
200150;01.09.2017;2595;278;Lviv;Street_6;Name_26
200151;01.09.2017;2498;207;Lviv;Street_6;Name_27
200152;01.09.2017;3378;249;Yavoriv;Street_1;Name_28
200153;01.09.2017;4549;217;Stryi;Street_5;Name_29
200154;01.09.2017;3589;185;Stryi;Street_7;Name_30
200155;01.09.2017;4469;192;Stryi;Street_9;Name_31
200156;01.09.2017;6096;192;Stryi;Street_3;Name_32
200157;01.09.2017;2716;259;Stryi;Street_4;Name_33
200158;01.09.2017;2572;187;Pustomyty;Street_10;Name_34
200159;01.09.2017;5411;188;Pustomyty;Street_2;Name_35
200160;01.09.2017;6321;265;Pustomyty;Street_3;Name_36
200161;01.09.2017;3481;248;Pustomyty;Street_1;Name_37
200162;01.09.2017;4747;208;Sokilnyky;Street_5;Name_38
200163;01.09.2017;2923;214;Sokilnyky;Street_5;Name_39
200164;01.09.2017;2903;280;Vynnyky;Street_4;Name_40
200165;01.09.2017;3984;282;Lviv;Street_1;Name_41
200166;01.09.2017;3147;215;Lviv;Street_5;Name_42
200167;01.09.2017;5515;193;Lviv;Street_9;Name_43
200168;01.09.2017;4802;225;Lviv;Street_2;Name_44
200169;01.09.2017;4069;260;Lviv;Street_1;Name_45
200170;01.09.2017;5881;198;Briuhovychi;Street_1;Name_46
200171;01.09.2017;2628;251;Briuhovychi;Street_9;Name_47
200172;01.09.2017;4617;215;Briuhovychi;Street_6;Name_48
200173;01.09.2017;2878;207;Briuhovychi;Street_1;Name_49
200174;01.09.2017;3034;288;Gorodok;Street_6;Name_50
200175;01.09.2017;4177;252;Zhovkva;Street_10;Name_51
200176;01.09.2017;2825;207;Gorodok;Street_1;Name_52
200177;01.09.2017;5188;221;Zhovkva;Street_9;Name_53
200178;01.09.2017;3765;259;Lviv;Street_8;Name_54
200179;01.09.2017;4345;227;Lviv;Street_9;Name_55
200180;01.09.2017;4089;197;Lviv;Street_3;Name_56
200181;01.09.2017;2834;211;Gorodok;Street_4;Name_57
200182;01.09.2017;5078;245;Gorodok;Street_8;Name_58
200183;01.09.2017;6174;164;Gorodok;Street_5;Name_59
200184;01.09.2017;4416;208;Gorodok;Street_2;Name_60
200185;01.09.2017;6069;211;Yavoriv;Street_3;Name_61
200186;01.09.2017;3008;271;Yavoriv;Street_7;Name_62
200187;01.09.2017;3938;265;Yavoriv;Street_5;Name_63
200188;01.09.2017;2994;229;Yavoriv;Street_10;Name_64
200189;01.09.2017;3435;204;Yavoriv;Street_1;Name_65
200190;01.09.2017;4455;198;Yavoriv;Street_6;Name_66
200191;01.09.2017;6173;203;Zhovkva;Street_2;Name_67
200192;01.09.2017;5229;204;Zhovkva;Street_3;Name_68
200193;01.09.2017;4480;250;Zhovkva;Street_4;Name_69
200194;01.09.2017;2885;239;Lviv;Street_5;Name_70
200195;01.09.2017;4864;245;Lviv;Street_6;Name_71
200196;01.09.2017;4358;207;Lviv;Street_6;Name_72
200197;01.09.2017;2716;176;Lviv;Street_10;Name_73
200198;01.09.2017;5893;188;Lviv;Street_10;Name_74
200199;01.09.2017;6142;257;Vynnyky;Street_4;Name_75
200200;01.09.2017;2377;240;Vynnyky;Street_6;Name_76
200125;01.10.2017;3100;243;Lviv;Street_5;Name_1
200126;01.10.2017;4630;273;Lviv;Street_9;Name_2
200127;01.10.2017;4691;265;Lviv;Street_10;Name_3
200128;01.10.2017;2296;225;Stryi;Street_5;Name_4
200129;01.10.2017;3262;237;Gorodok;Street_8;Name_5
200130;01.10.2017;5506;178;Lviv;Street_5;Name_6
200131;01.10.2017;4361;269;Lviv;Street_10;Name_7
200132;01.10.2017;6135;251;Lviv;Street_1;Name_8
200133;01.10.2017;6233;210;Stryi;Street_10;Name_9
200134;01.10.2017;4126;190;Lviv;Street_5;Name_10
200135;01.10.2017;3273;185;Lviv;Street_8;Name_11
200136;01.10.2017;5065;207;Lviv;Street_4;Name_12
200137;01.10.2017;6084;275;Mostyska;Street_1;Name_13
200138;01.10.2017;5442;251;Mostyska;Street_3;Name_14
200139;01.10.2017;4272;216;Mostyska;Street_10;Name_15
200140;01.10.2017;4552;266;Mostyska;Street_8;Name_16
200141;01.10.2017;5265;188;Lviv;Street_7;Name_17
200142;01.10.2017;2822;246;Stryi;Street_7;Name_18
200143;01.10.2017;4777;180;Gorodok;Street_6;Name_19
200144;01.10.2017;5320;264;Gorodok;Street_9;Name_20
200145;01.10.2017;6261;240;Gorodok;Street_6;Name_21
200146;01.10.2017;4809;213;Zhovkva;Street_7;Name_22
200147;01.10.2017;4933;266;Zhovkva;Street_5;Name_23
200148;01.10.2017;3653;213;Zhovkva;Street_1;Name_24
200149;01.10.2017;3794;184;Lviv;Street_9;Name_25
200150;01.10.2017;2659;286;Lviv;Street_6;Name_26
200151;01.10.2017;2738;215;Lviv;Street_6;Name_27
200152;01.10.2017;3448;259;Yavoriv;Street_1;Name_28
200153;01.10.2017;4706;227;Stryi;Street_5;Name_29
200154;01.10.2017;3831;193;Stryi;Street_7;Name_30
200155;01.10.2017;4581;199;Stryi;Street_9;Name_31
200156;01.10.2017;6284;201;Stryi;Street_3;Name_32
200157;01.10.2017;2960;264;Stryi;Street_4;Name_33
200158;01.10.2017;2819;197;Pustomyty;Street_10;Name_34
200159;01.10.2017;5658;197;Pustomyty;Street_2;Name_35
200160;01.10.2017;6541;270;Pustomyty;Street_3;Name_36
200161;01.10.2017;3584;254;Pustomyty;Street_1;Name_37
200162;01.10.2017;4897;213;Sokilnyky;Street_5;Name_38
200163;01.10.2017;3173;223;Sokilnyky;Street_5;Name_39
200164;01.10.2017;2987;289;Vynnyky;Street_4;Name_40
200165;01.10.2017;4101;292;Lviv;Street_1;Name_41
200166;01.10.2017;3310;224;Lviv;Street_5;Name_42
200167;01.10.2017;5591;203;Lviv;Street_9;Name_43
200168;01.10.2017;5026;230;Lviv;Street_2;Name_44
200169;01.10.2017;4133;266;Lviv;Street_1;Name_45
200170;01.10.2017;6068;204;Briuhovychi;Street_1;Name_46
200171;01.10.2017;2739;256;Briuhovychi;Street_9;Name_47
200172;01.10.2017;4794;220;Briuhovychi;Street_6;Name_48
200173;01.10.2017;2983;213;Briuhovychi;Street_1;Name_49
200174;01.10.2017;3249;298;Gorodok;Street_6;Name_50
200175;01.10.2017;4401;261;Zhovkva;Street_10;Name_51
200176;01.10.2017;3031;216;Gorodok;Street_1;Name_52
200177;01.10.2017;5349;227;Zhovkva;Street_9;Name_53
200178;01.10.2017;3961;264;Lviv;Street_8;Name_54
200179;01.10.2017;4556;235;Lviv;Street_9;Name_55
200180;01.10.2017;4284;202;Lviv;Street_3;Name_56
200181;01.10.2017;2964;218;Gorodok;Street_4;Name_57
200182;01.10.2017;5163;254;Gorodok;Street_8;Name_58
200183;01.10.2017;6311;169;Gorodok;Street_5;Name_59
200184;01.10.2017;4625;215;Gorodok;Street_2;Name_60
200185;01.10.2017;6135;218;Yavoriv;Street_3;Name_61
200186;01.10.2017;3157;280;Yavoriv;Street_7;Name_62
200187;01.10.2017;4061;274;Yavoriv;Street_5;Name_63
200188;01.10.2017;3178;234;Yavoriv;Street_10;Name_64
200189;01.10.2017;3569;211;Yavoriv;Street_1;Name_65
200190;01.10.2017;4601;205;Yavoriv;Street_6;Name_66
200191;01.10.2017;6408;210;Zhovkva;Street_2;Name_67
200192;01.10.2017;5409;209;Zhovkva;Street_3;Name_68
200193;01.10.2017;4718;260;Zhovkva;Street_4;Name_69
200194;01.10.2017;3026;249;Lviv;Street_5;Name_70
200195;01.10.2017;4934;252;Lviv;Street_6;Name_71
200196;01.10.2017;4466;213;Lviv;Street_6;Name_72
200197;01.10.2017;2767;182;Lviv;Street_10;Name_73
200198;01.10.2017;6047;197;Lviv;Street_10;Name_74
200199;01.10.2017;6242;265;Vynnyky;Street_4;Name_75
200200;01.10.2017;2432;249;Vynnyky;Street_6;Name_76
200125;01.11.2017;3272;261;Lviv;Street_5;Name_1
200126;01.11.2017;4878;289;Lviv;Street_9;Name_2
200127;01.11.2017;4901;277;Lviv;Street_10;Name_3
200128;01.11.2017;2544;245;Stryi;Street_5;Name_4
200129;01.11.2017;3318;253;Gorodok;Street_8;Name_5
200130;01.11.2017;5697;194;Lviv;Street_5;Name_6
200131;01.11.2017;4488;285;Lviv;Street_10;Name_7
200132;01.11.2017;6379;263;Lviv;Street_1;Name_8
200133;01.11.2017;6471;228;Stryi;Street_10;Name_9
200134;01.11.2017;4264;208;Lviv;Street_5;Name_10
200135;01.11.2017;3445;197;Lviv;Street_8;Name_11
200136;01.11.2017;5295;221;Lviv;Street_4;Name_12
200137;01.11.2017;6233;287;Mostyska;Street_1;Name_13
200138;01.11.2017;5559;261;Mostyska;Street_3;Name_14
200139;01.11.2017;4505;226;Mostyska;Street_10;Name_15
200140;01.11.2017;4623;284;Mostyska;Street_8;Name_16
200141;01.11.2017;5345;202;Lviv;Street_7;Name_17
200142;01.11.2017;2937;266;Stryi;Street_7;Name_18
200143;01.11.2017;4901;194;Gorodok;Street_6;Name_19
200144;01.11.2017;5434;280;Gorodok;Street_9;Name_20
200145;01.11.2017;6345;252;Gorodok;Street_6;Name_21
200146;01.11.2017;4940;227;Zhovkva;Street_7;Name_22
200147;01.11.2017;5019;280;Zhovkva;Street_5;Name_23
200148;01.11.2017;3822;229;Zhovkva;Street_1;Name_24
200149;01.11.2017;3923;196;Lviv;Street_9;Name_25
200150;01.11.2017;2743;306;Lviv;Street_6;Name_26
200151;01.11.2017;2886;233;Lviv;Street_6;Name_27
200152;01.11.2017;3557;279;Yavoriv;Street_1;Name_28
200153;01.11.2017;4794;247;Stryi;Street_5;Name_29
200154;01.11.2017;4022;209;Stryi;Street_7;Name_30
200155;01.11.2017;4763;219;Stryi;Street_9;Name_31
200156;01.11.2017;6495;213;Stryi;Street_3;Name_32
200157;01.11.2017;3098;276;Stryi;Street_4;Name_33
200158;01.11.2017;3045;215;Pustomyty;Street_10;Name_34
200159;01.11.2017;5884;213;Pustomyty;Street_2;Name_35
200160;01.11.2017;6652;286;Pustomyty;Street_3;Name_36
200161;01.11.2017;3833;272;Pustomyty;Street_1;Name_37
200162;01.11.2017;5030;231;Sokilnyky;Street_5;Name_38
200163;01.11.2017;3390;233;Sokilnyky;Street_5;Name_39
200164;01.11.2017;3105;307;Vynnyky;Street_4;Name_40
200165;01.11.2017;4314;310;Lviv;Street_1;Name_41
200166;01.11.2017;3389;244;Lviv;Street_5;Name_42
200167;01.11.2017;5692;217;Lviv;Street_9;Name_43
200168;01.11.2017;5140;240;Lviv;Street_2;Name_44
200169;01.11.2017;4203;286;Lviv;Street_1;Name_45
200170;01.11.2017;6201;216;Briuhovychi;Street_1;Name_46
200171;01.11.2017;2959;266;Briuhovychi;Street_9;Name_47
200172;01.11.2017;4851;236;Briuhovychi;Street_6;Name_48
200173;01.11.2017;3139;233;Briuhovychi;Street_1;Name_49
200174;01.11.2017;3333;314;Gorodok;Street_6;Name_50
200175;01.11.2017;4583;279;Zhovkva;Street_10;Name_51
200176;01.11.2017;3116;232;Gorodok;Street_1;Name_52
200177;01.11.2017;5517;241;Zhovkva;Street_9;Name_53
200178;01.11.2017;4046;280;Lviv;Street_8;Name_54
200179;01.11.2017;4650;249;Lviv;Street_9;Name_55
200180;01.11.2017;4458;218;Lviv;Street_3;Name_56
200181;01.11.2017;3154;236;Gorodok;Street_4;Name_57
200182;01.11.2017;5322;264;Gorodok;Street_8;Name_58
200183;01.11.2017;6505;185;Gorodok;Street_5;Name_59
200184;01.11.2017;4836;225;Gorodok;Street_2;Name_60
200185;01.11.2017;6346;236;Yavoriv;Street_3;Name_61
200186;01.11.2017;3315;292;Yavoriv;Street_7;Name_62
200187;01.11.2017;4191;292;Yavoriv;Street_5;Name_63
200188;01.11.2017;3331;254;Yavoriv;Street_10;Name_64
200189;01.11.2017;3811;227;Yavoriv;Street_1;Name_65
200190;01.11.2017;4828;217;Yavoriv;Street_6;Name_66
200191;01.11.2017;6573;224;Zhovkva;Street_2;Name_67
200192;01.11.2017;5514;229;Zhovkva;Street_3;Name_68
200193;01.11.2017;4801;270;Zhovkva;Street_4;Name_69
200194;01.11.2017;3210;261;Lviv;Street_5;Name_70
200195;01.11.2017;5183;270;Lviv;Street_6;Name_71
200196;01.11.2017;4590;227;Lviv;Street_6;Name_72
200197;01.11.2017;2850;202;Lviv;Street_10;Name_73
200198;01.11.2017;6120;211;Lviv;Street_10;Name_74
200199;01.11.2017;6422;279;Vynnyky;Street_4;Name_75
200200;01.11.2017;2645;263;Vynnyky;Street_6;Name_76
200125;01.12.2017;3433;271;Lviv;Street_5;Name_1
200126;01.12.2017;4955;309;Lviv;Street_9;Name_2
200127;01.12.2017;5082;287;Lviv;Street_10;Name_3
200128;01.12.2017;2599;265;Stryi;Street_5;Name_4
200129;01.12.2017;3504;273;Gorodok;Street_8;Name_5
200130;01.12.2017;5781;208;Lviv;Street_5;Name_6
200131;01.12.2017;4620;295;Lviv;Street_10;Name_7
200132;01.12.2017;6580;273;Lviv;Street_1;Name_8
200133;01.12.2017;6649;242;Stryi;Street_10;Name_9
200134;01.12.2017;4352;226;Lviv;Street_5;Name_10
200135;01.12.2017;3568;209;Lviv;Street_8;Name_11
200136;01.12.2017;5511;231;Lviv;Street_4;Name_12
200137;01.12.2017;6329;303;Mostyska;Street_1;Name_13
200138;01.12.2017;5609;281;Mostyska;Street_3;Name_14
200139;01.12.2017;4752;242;Mostyska;Street_10;Name_15
200140;01.12.2017;4752;296;Mostyska;Street_8;Name_16
200141;01.12.2017;5522;222;Lviv;Street_7;Name_17
200142;01.12.2017;3009;276;Stryi;Street_7;Name_18
200143;01.12.2017;5017;212;Gorodok;Street_6;Name_19
200144;01.12.2017;5524;298;Gorodok;Street_9;Name_20
200145;01.12.2017;6477;266;Gorodok;Street_6;Name_21
200146;01.12.2017;5020;247;Zhovkva;Street_7;Name_22
200147;01.12.2017;5140;300;Zhovkva;Street_5;Name_23
200148;01.12.2017;4024;241;Zhovkva;Street_1;Name_24
200149;01.12.2017;3977;212;Lviv;Street_9;Name_25
200150;01.12.2017;2810;316;Lviv;Street_6;Name_26
200151;01.12.2017;2936;247;Lviv;Street_6;Name_27
200152;01.12.2017;3797;291;Yavoriv;Street_1;Name_28
200153;01.12.2017;4968;265;Stryi;Street_5;Name_29
200154;01.12.2017;4219;225;Stryi;Street_7;Name_30
200155;01.12.2017;4881;237;Stryi;Street_9;Name_31
200156;01.12.2017;6602;227;Stryi;Street_3;Name_32
200157;01.12.2017;3283;294;Stryi;Street_4;Name_33
200158;01.12.2017;3169;233;Pustomyty;Street_10;Name_34
200159;01.12.2017;6011;223;Pustomyty;Street_2;Name_35
200160;01.12.2017;6866;306;Pustomyty;Street_3;Name_36
200161;01.12.2017;3981;282;Pustomyty;Street_1;Name_37
200162;01.12.2017;5086;245;Sokilnyky;Street_5;Name_38
200163;01.12.2017;3589;245;Sokilnyky;Street_5;Name_39
200164;01.12.2017;3288;317;Vynnyky;Street_4;Name_40
200165;01.12.2017;4533;326;Lviv;Street_1;Name_41
200166;01.12.2017;3588;254;Lviv;Street_5;Name_42
200167;01.12.2017;5818;237;Lviv;Street_9;Name_43
200168;01.12.2017;5208;256;Lviv;Street_2;Name_44
200169;01.12.2017;4388;296;Lviv;Street_1;Name_45
200170;01.12.2017;6258;228;Briuhovychi;Street_1;Name_46
200171;01.12.2017;3122;284;Briuhovychi;Street_9;Name_47
200172;01.12.2017;5101;254;Briuhovychi;Street_6;Name_48
200173;01.12.2017;3385;245;Briuhovychi;Street_1;Name_49
200174;01.12.2017;3511;324;Gorodok;Street_6;Name_50
200175;01.12.2017;4824;289;Zhovkva;Street_10;Name_51
200176;01.12.2017;3173;246;Gorodok;Street_1;Name_52
200177;01.12.2017;5754;253;Zhovkva;Street_9;Name_53
200178;01.12.2017;4293;300;Lviv;Street_8;Name_54
200179;01.12.2017;4897;265;Lviv;Street_9;Name_55
200180;01.12.2017;4529;236;Lviv;Street_3;Name_56
200181;01.12.2017;3378;250;Gorodok;Street_4;Name_57
200182;01.12.2017;5530;282;Gorodok;Street_8;Name_58
200183;01.12.2017;6644;201;Gorodok;Street_5;Name_59
200184;01.12.2017;4897;237;Gorodok;Street_2;Name_60
200185;01.12.2017;6517;254;Yavoriv;Street_3;Name_61
200186;01.12.2017;3435;312;Yavoriv;Street_7;Name_62
200187;01.12.2017;4379;306;Yavoriv;Street_5;Name_63
200188;01.12.2017;3420;270;Yavoriv;Street_10;Name_64
200189;01.12.2017;4003;247;Yavoriv;Street_1;Name_65
200190;01.12.2017;4914;235;Yavoriv;Street_6;Name_66
200191;01.12.2017;6670;236;Zhovkva;Street_2;Name_67
200192;01.12.2017;5583;247;Zhovkva;Street_3;Name_68
200193;01.12.2017;4911;280;Zhovkva;Street_4;Name_69
200194;01.12.2017;3280;277;Lviv;Street_5;Name_70
200195;01.12.2017;5407;284;Lviv;Street_6;Name_71
200196;01.12.2017;4816;237;Lviv;Street_6;Name_72
200197;01.12.2017;3001;222;Lviv;Street_10;Name_73
200198;01.12.2017;6354;229;Lviv;Street_10;Name_74
200199;01.12.2017;6650;299;Vynnyky;Street_4;Name_75
200200;01.12.2017;2761;277;Vynnyky;Street_6;Name_76
200125;01.01.2018;3632;281;Lviv;Street_5;Name_1
200126;01.01.2018;5042;325;Lviv;Street_9;Name_2
200127;01.01.2018;5257;307;Lviv;Street_10;Name_3
200128;01.01.2018;2835;285;Stryi;Street_5;Name_4
200129;01.01.2018;3647;291;Gorodok;Street_8;Name_5
200130;01.01.2018;5948;226;Lviv;Street_5;Name_6
200131;01.01.2018;4782;315;Lviv;Street_10;Name_7
200132;01.01.2018;6755;283;Lviv;Street_1;Name_8
200133;01.01.2018;6861;260;Stryi;Street_10;Name_9
200134;01.01.2018;4593;246;Lviv;Street_5;Name_10
200135;01.01.2018;3650;225;Lviv;Street_8;Name_11
200136;01.01.2018;5734;243;Lviv;Street_4;Name_12
200137;01.01.2018;6566;317;Mostyska;Street_1;Name_13
200138;01.01.2018;5803;299;Mostyska;Street_3;Name_14
200139;01.01.2018;4904;262;Mostyska;Street_10;Name_15
200140;01.01.2018;4918;312;Mostyska;Street_8;Name_16
200141;01.01.2018;5578;242;Lviv;Street_7;Name_17
200142;01.01.2018;3096;294;Stryi;Street_7;Name_18
200143;01.01.2018;5083;222;Gorodok;Street_6;Name_19
200144;01.01.2018;5633;308;Gorodok;Street_9;Name_20
200145;01.01.2018;6684;282;Gorodok;Street_6;Name_21
200146;01.01.2018;5171;267;Zhovkva;Street_7;Name_22
200147;01.01.2018;5216;318;Zhovkva;Street_5;Name_23
200148;01.01.2018;4245;253;Zhovkva;Street_1;Name_24
200149;01.01.2018;4137;230;Lviv;Street_9;Name_25
200150;01.01.2018;3011;330;Lviv;Street_6;Name_26
200151;01.01.2018;3157;267;Lviv;Street_6;Name_27
200152;01.01.2018;3951;311;Yavoriv;Street_1;Name_28
200153;01.01.2018;5200;281;Stryi;Street_5;Name_29
200154;01.01.2018;4329;243;Stryi;Street_7;Name_30
200155;01.01.2018;5102;251;Stryi;Street_9;Name_31
200156;01.01.2018;6823;247;Stryi;Street_3;Name_32
200157;01.01.2018;3470;312;Stryi;Street_4;Name_33
200158;01.01.2018;3401;245;Pustomyty;Street_10;Name_34
200159;01.01.2018;6221;237;Pustomyty;Street_2;Name_35
200160;01.01.2018;7048;320;Pustomyty;Street_3;Name_36
200161;01.01.2018;4175;300;Pustomyty;Street_1;Name_37
200162;01.01.2018;5208;257;Sokilnyky;Street_5;Name_38
200163;01.01.2018;3786;259;Sokilnyky;Street_5;Name_39
200164;01.01.2018;3513;335;Vynnyky;Street_4;Name_40
200165;01.01.2018;4592;342;Lviv;Street_1;Name_41
200166;01.01.2018;3643;266;Lviv;Street_5;Name_42
200167;01.01.2018;5948;253;Lviv;Street_9;Name_43
200168;01.01.2018;5356;270;Lviv;Street_2;Name_44
200169;01.01.2018;4485;312;Lviv;Street_1;Name_45
200170;01.01.2018;6483;244;Briuhovychi;Street_1;Name_46
200171;01.01.2018;3222;304;Briuhovychi;Street_9;Name_47
200172;01.01.2018;5346;274;Briuhovychi;Street_6;Name_48
200173;01.01.2018;3618;257;Briuhovychi;Street_1;Name_49
200174;01.01.2018;3748;338;Gorodok;Street_6;Name_50
200175;01.01.2018;5061;305;Zhovkva;Street_10;Name_51
200176;01.01.2018;3416;266;Gorodok;Street_1;Name_52
200177;01.01.2018;5909;267;Zhovkva;Street_9;Name_53
200178;01.01.2018;4382;314;Lviv;Street_8;Name_54
200179;01.01.2018;5007;285;Lviv;Street_9;Name_55
200180;01.01.2018;4670;250;Lviv;Street_3;Name_56
200181;01.01.2018;3504;268;Gorodok;Street_4;Name_57
200182;01.01.2018;5599;298;Gorodok;Street_8;Name_58
200183;01.01.2018;6869;213;Gorodok;Street_5;Name_59
200184;01.01.2018;5000;257;Gorodok;Street_2;Name_60
200185;01.01.2018;6763;268;Yavoriv;Street_3;Name_61
200186;01.01.2018;3677;330;Yavoriv;Street_7;Name_62
200187;01.01.2018;4439;322;Yavoriv;Street_5;Name_63
200188;01.01.2018;3652;284;Yavoriv;Street_10;Name_64
200189;01.01.2018;4066;267;Yavoriv;Street_1;Name_65
200190;01.01.2018;4973;255;Yavoriv;Street_6;Name_66
200191;01.01.2018;6836;248;Zhovkva;Street_2;Name_67
200192;01.01.2018;5761;267;Zhovkva;Street_3;Name_68
200193;01.01.2018;5058;292;Zhovkva;Street_4;Name_69
200194;01.01.2018;3346;287;Lviv;Street_5;Name_70
200195;01.01.2018;5560;302;Lviv;Street_6;Name_71
200196;01.01.2018;5029;249;Lviv;Street_6;Name_72
200197;01.01.2018;3212;240;Lviv;Street_10;Name_73
200198;01.01.2018;6536;243;Lviv;Street_10;Name_74
200199;01.01.2018;6790;311;Vynnyky;Street_4;Name_75
200200;01.01.2018;2898;297;Vynnyky;Street_6;Name_76
